GO
CREATE DATABASE QUANLYQUANAN
GO
USE QUANLYQUANAN

GO
CREATE TABLE BoPhanNhanVien
(
	MaBP CHAR (10),
	TenBP NVARCHAR (40)
	CONSTRAINT PK_MaBP PRIMARY KEY(MaBP)
)
GO

CREATE TABLE NHANVIEN
(
	MANV CHAR(10) NOT NULL,
	TENNV NVARCHAR(40),
	GIOITINH NCHAR(3),
	NAMSINH DATETIME,
	DIACHI NVARCHAR(40),
	MaBP CHAR(10),
	CONSTRAINT PK_NHANVIEN PRIMARY KEY(MANV),
	CONSTRAINT FK_BoPhanNhanVien_NHANVIEN FOREIGN KEY(MaBP) REFERENCES BoPhanNhanVien(MaBP)
)
GO
CREATE TABLE TAIKHOAN
(
	TENTAIKHOAN VARCHAR(20),
	MATKHAU VARCHAR(40),
	QUYEN VARCHAR(20),
	MANV CHAR(10),
	TrangThai NVARCHAR(30),
	CONSTRAINT PK_TAIKHOAN PRIMARY KEY (TENTAIKHOAN, MATKHAU),
	CONSTRAINT FK_TAIKHOAN_NHANVIEN FOREIGN KEY(MANV) REFERENCES NHANVIEN(MANV)
)
GO
ALTER TABLE TAIKHOAN
ADD CONSTRAINT DF_QUYEN DEFAULT 'USER' FOR QUYEN
GO
ALTER TABLE TAIKHOAN
ADD CONSTRAINT DF_TrangThai DEFAULT 'OFF' FOR TrangThai

GO
CREATE TABLE NhomMonAn
(
	MaNhomMA CHAR(10) NOT NULL,
	TenNhomMA NVARCHAR(40),
	CONSTRAINT PK_NhomMonAn PRIMARY KEY(MaNhomMA)
)

CREATE TABLE MONAN
(
	MaMA CHAR (10) NOT NULL,
	TenMA NVARCHAR(40),
	DONVITINH NVARCHAR(10),
	GiaBanMA float,
	MaNhomMA CHAR(10) NOT NULL,
	TRANGTHAI NVARCHAR(10),
	HINHANH VARCHAR(20),
	CONSTRAINT PK_MONAN PRIMARY KEY(MaMA),
	CONSTRAINT FK_NhomMonAn_MONAN FOREIGN KEY(MaNhomMA) REFERENCES NhomMonAn(MaNhomMA)
)

CREATE TABLE NHACUNGCAP
(
	MaNCC CHAR (10) NOT NULL,
	TenNCC NVARCHAR(40),
	DiaChiNCC NVARCHAR (40),
	CONSTRAINT PK_NHACUNGCAP PRIMARY KEY(MaNCC)
)

CREATE TABLE THUCPHAM
(
	MaTP CHAR (10) NOT NULL,
	TenTP NVARCHAR(10),
	DONVITINH NVARCHAR(10),
	CONSTRAINT PK_THUCPHAM PRIMARY KEY(MaTP)
)

CREATE TABLE PhieuNhapThucPham
(
	MaPhieu CHAR (10) NOT NULL,
	NgayNhapPhieu DATETIME,
	TenPhieu NVARCHAR (40),
	MANV CHAR (10) NOT NULL,
	MaNCC CHAR (10) NOT NULL,
	CONSTRAINT PK_PhieuNhapThucPham PRIMARY KEY(MaPhieu),
	CONSTRAINT FK_NHANVIEN_PhieuNhapThucPham FOREIGN KEY(MANV) REFERENCES NHANVIEN(MANV),
	CONSTRAINT FK_NHACUNGCAP_PhieuNhapThucPham FOREIGN KEY(MaNCC) REFERENCES NHACUNGCAP(MaNCC)
)

CREATE TABLE ChiTietThucPham
(
	MaPhieu CHAR (10) NOT NULL,
	MaTP CHAR (10) NOT NULL,
	SOLUONGTHUCPHAM FLOAT,
	DONGIATHUCPHAM FLOAT,
	CONSTRAINT PK_ChiTietThucPham PRIMARY KEY(MaPhieu, MaTP),
	CONSTRAINT FK_THUCPHAM_CHITIETTHUCPHAM FOREIGN KEY(MaTP) REFERENCES THUCPHAM(MaTP),
	CONSTRAINT FK_PhieuNhapThucPham_ChiTietThucPham FOREIGN KEY(MaPhieu) REFERENCES PhieuNhapThucPham(MaPhieu)
)

CREATE TABLE BANAN
(
	MABAN CHAR(10) NOT NULL,
	SOCHONGOI INT,
	TRANGTHAI NVARCHAR(30),
	CONSTRAINT PK_BANAN PRIMARY KEY(MABAN)
)

CREATE TABLE KHACHHANG
(
	MAKH CHAR(10) NOT NULL,
	TENKH NVARCHAR (40),
	SDT VARCHAR(11),
	CONSTRAINT PK_KHACHHANG PRIMARY KEY(MAKH)
)

CREATE TABLE PhieuYeuCau
(
	MaPYC CHAR (10) NOT NULL,
	MANV CHAR (10) NOT NULL,
	NgayYC DATETIME,
	MABAN CHAR(10) NOT NULL,
	TrangThai NVARCHAR(30),
	MaKH CHAR (10) NOT NULL,
	CONSTRAINT PK_PHIEUYEUCAU PRIMARY KEY(MaPYC),
	CONSTRAINT FK_PhieuYeuCau_BANAN FOREIGN KEY (MABAN) REFERENCES BANAN(MABAN),
	CONSTRAINT FK_PhieuYeuCau_KHACHHANG FOREIGN KEY(MaKH) REFERENCES KHACHHANG(MaKH)
)


CREATE TABLE ChiTietYeuCau
(
	MaPYC CHAR (10) NOT NULL,
	MaMA CHAR (10) NOT NULL,
	DONGIA FLOAT,
	SOLUONG INT,
	CONSTRAINT PF_ChiTietYeuCau PRIMARY KEY (MaPYC, MaMA),
	CONSTRAINT FK_PHIEUYEUCAU_ChiTietYeuCau FOREIGN KEY(MaPYC) REFERENCES PHIEUYEUCAU(MaPYC),
	CONSTRAINT FK_MONAN_ChiTietYeuCau FOREIGN KEY(MaMA) REFERENCES MONAN(MaMA)
)


CREATE TABLE HOADON
(
	MAHD CHAR (10) NOT NULL,
	NGAYLAP DATETIME,
	MANV CHAR (10) NOT NULL,
	MaPYC CHAR (10) NOT NULL,
	CONSTRAINT PK_HOADON PRIMARY KEY(MAHD),
	CONSTRAINT FK_NHANVIEN_HOADON FOREIGN KEY(MANV) REFERENCES NHANVIEN(MANV),
	CONSTRAINT FK_PhieuYeuCau_HOADON FOREIGN KEY(MaPYC) REFERENCES PhieuYeuCau(MaPYC)
)

GO
INSERT INTO BoPhanNhanVien VALUES('BP001',N'Phục vụ');
INSERT INTO BoPhanNhanVien VALUES('BP002',N'Thu ngân');
INSERT INTO BoPhanNhanVien VALUES('BP003',N'Tạp vụ');
INSERT INTO BoPhanNhanVien VALUES('BP004',N'Bếp');
INSERT INTO BoPhanNhanVien VALUES('BP005',N'Quản lý');
INSERT INTO BoPhanNhanVien VALUES('BP006',N'Bảo vệ');
INSERT INTO BoPhanNhanVien VALUES('BP007',N'Lao công');


GO
SET DATEFORMAT DMY
INSERT INTO NHANVIEN VALUES('NV001',N'Xuân Tình',N'Nam','12/7/1988',N'Tây Ninh','BP001');
INSERT INTO NHANVIEN VALUES('NV002',N'Minh Tiến',N'Nam','12/10/1990',N'TP.HCM','BP001');
INSERT INTO NHANVIEN VALUES('NV003',N'Nguyễn Kim Anh',N'Nữ','11/12/1995',N'Hà Nội','BP002');
INSERT INTO NHANVIEN VALUES('NV004',N'Trương Thành Trung',N'Nam','05/08/2001',N'Long An','BP006');
INSERT INTO NHANVIEN VALUES('NV005',N'Châu Hoàng Minh Huy',N'Nam','12/6/1996',N'TP.HCM','BP006');
INSERT INTO NHANVIEN VALUES('NV006',N'Nguyễn Nguyên Bảo',N'Nam','04/08/2002',N'Bình Phước','BP001');
INSERT INTO NHANVIEN VALUES('NV007',N'Quang Hậu',N'Nam','09/05/2002',N'Đồng Nai','BP004');
INSERT INTO NHANVIEN VALUES('NV008',N'Trần Hữu Đang',N'Nam','11/11/1997',N'Bến Tre','BP007');
INSERT INTO NHANVIEN VALUES('NV009',N' Phạm Thị Yến Nhi',N'Nữ','01/06/2002',N'TP.HCM','BP002');
INSERT INTO NHANVIEN VALUES('NV010',N'Mai Quốc Khánh',N'Nam','12/7/1989',N'Tây Ninh','BP004');
INSERT INTO NHANVIEN VALUES('NV011',N'Đào Huy',N'Nam','13/7/1988',N'TP.HCM',N'BP007');
INSERT INTO NHANVIEN VALUES('NV012',N'Nguyễn Quốc Bảo',N'Nam','12/7/2003',N'Hà Nội','BP001');
INSERT INTO NHANVIEN VALUES('NV013',N'Xuân Tuấn',N'Nam','12/12/1999',N'Đà Nẵng','BP005');
INSERT INTO NHANVIEN VALUES('NV014',N'Minh Kha',N'Nam','12/7/1991',N'Long An','BP005');
INSERT INTO NHANVIEN VALUES('NV015',N'Lê Kim Ngọc',N'Nữ','12/5/2002',N'Quảng Trị','BP001');
INSERT INTO NHANVIEN VALUES('NV016',N'Lê Tấn Trưởng',N'Nam','28/01/1999',N'Bình Định','BP005');
INSERT INTO NHANVIEN VALUES('NV017',N'Trần Minh Tú',N'Nữ','13/11/1987',N'Tây Ninh','BP001');
INSERT INTO NHANVIEN VALUES('NV018',N'Nguyễn Minh Huy',N'Nam','12/7/1988',N'TP.HCM','BP007');
INSERT INTO NHANVIEN VALUES('NV019',N'Đỗ Xuân Thủy',N'Nữ','15/1/1988',N'Đà Nẵng','BP001');
INSERT INTO NHANVIEN VALUES('NV020',N'Trần Lệ Quyên',N'Nữ','12/5/2002',N'Tây Ninh','BP001');

GO
INSERT INTO TAIKHOAN(TENTAIKHOAN, MATKHAU, QUYEN, MANV)
VALUES('ADMIN', '123', 'ADMIN', 'NV014'),
	('NV004', '123', 'USER', 'NV004')


GO
INSERT INTO NhomMonAn VALUES('001',N'Ăn Sáng');
INSERT INTO NhomMonAn VALUES('002',N'Hải Sản');
INSERT INTO NhomMonAn VALUES('003',N'Món Chính');
INSERT INTO NhomMonAn VALUES('004',N'Thức Uống');

GO
INSERT INTO MONAN VALUES('MA001',N'Bún đậu mắm tôm',N'Dĩa',50000,'001',N'Còn', 'bundau.jpg');
INSERT INTO MONAN VALUES('MA002',N'Bún Bò',N'Tô',150000,'001',N'Còn', 'bunBo.jpg');
INSERT INTO MONAN VALUES('MA003',N'Phở',N'Tô',250000,'001',N'Còn', 'pho.jpg');
INSERT INTO MONAN VALUES('MA004',N'Bún Thịt Nướng',N'Dĩa',100000,'001',N'Còn', 'bunThitNuong.jpg');
INSERT INTO MONAN VALUES('MA005',N'Cá Chép Chiên Giòn',N'Con',250000,'002',N'Còn','caChepChienGion.jpg');
INSERT INTO MONAN VALUES('MA006',N'Cá Chép Hấp Xì Dầu',N'Con',30000,'002',N'Còn','caChepHap.jpg');
INSERT INTO MONAN VALUES('MA007',N'Cá Nướng',N'Con',30000,'002',N'Còn','caNuong.jpg');
INSERT INTO MONAN VALUES('MA008',N'Mực Tẩm Bột Chiên Giòn',N'Dĩa',50000,'002',N'Còn','mucTamBot.jpg');
INSERT INTO MONAN VALUES('MA009',N'Bò Sốt Vang',N'Tô',20000,'003',N'Còn','boSotVang.jpg');
INSERT INTO MONAN VALUES('MA010',N'Cà Ri Bò',N'Tô',550000,'003',N'Còn','cariBo.jpg');
INSERT INTO MONAN VALUES('MA011',N'Chả Ram Tôm Đất',N'Dĩa',250000,'003',N'Còn','chaRamTom.jpg');
INSERT INTO MONAN VALUES('MA012',N'Gà Hấp Muối',N'Con',230000,'003',N'Còn','gaHapMuoi.jpg');
INSERT INTO MONAN VALUES('MA013',N'Lẩu Gà Lá É',N'Nồi',80000,'003',N'Còn','lauGaLae.jpg');
INSERT INTO MONAN VALUES('MA014',N'Lẩu Hải Sản',N'Nồi',150000,'003',N'Còn','lauHaiSan.jpg');
INSERT INTO MONAN VALUES('MA015',N'Lẩu Thái Chua Cay',N'Nồi',230000,'003',N'Còn','lauThaiChuaCay.jpg');
INSERT INTO MONAN VALUES('MA016',N'Sường Nướng',N'Dĩa',90000,'003',N'Còn','suonNuong.jpg');
INSERT INTO MONAN VALUES('MA017',N'Thịt Kho Mắm Ruốt',N'Tộ',110000,'003',N'Còn','thitKhoMam.jpg');
INSERT INTO MONAN VALUES('MA018',N'Vịt Nướng',N'Con',20000,'003',N'Còn','vitNuong.jpg');
INSERT INTO MONAN VALUES('MA019',N'Vịt Quay Bắc Kinh',N'Con',70000,'003',N'Còn','vitQuayBK.jpg');
INSERT INTO MONAN VALUES('MA020',N'Vịt Xáo Măng',N'Nồi',900000,'003',N'Còn','vitXaoMang.jpg');
INSERT INTO MONAN VALUES('MA021',N'7 Up',N'Lon',10000,'004',N'Còn','7up.jpg');
INSERT INTO MONAN VALUES('MA022',N'CoCa CoLa',N'Lon',10000,'004',N'Còn','coca.jpg');
INSERT INTO MONAN VALUES('MA023',N'Pessi',N'Lon',10000,'004',N'Còn','pessi.jpg');
INSERT INTO MONAN VALUES('MA024',N'Sprite',N'Lon',10000,'004',N'Còn','sprite.jpg');

GO
INSERT INTO NHACUNGCAP VALUES('NCC001',N'Thực Phẩm Tấn Tài',N'TP.HCM');
INSERT INTO NHACUNGCAP VALUES('NCC002',N'Thực Phẩm Thiên Linh Thanh',N'TP.HCM');
INSERT INTO NHACUNGCAP VALUES('NCC003',N'Thực Phẩm Zin Food',N'TP.HCM');
INSERT INTO NHACUNGCAP VALUES('NCC004',N'TThực Phẩm Xanh Đồng Nai',N'Đồng Nai');
INSERT INTO NHACUNGCAP VALUES('NCC005',N'Công Ty TNHH Sơn Phát',N'TP.HCM');
INSERT INTO NHACUNGCAP VALUES('NCC006',N'Công Ty Thực Phẩm Tân Vĩnh Phát',N'TP.HCM');
INSERT INTO NHACUNGCAP VALUES('NCC007',N'Công Ty TNHH Trung Hiếu',N'TP.HCM');
INSERT INTO NHACUNGCAP VALUES('NCC008',N'Thực Phẩm Tươi Sống Hùng Nguyên',N'TP.HCM');
INSERT INTO NHACUNGCAP VALUES('NCC009',N'Thực Phẩm Tân Vĩnh Phát',N'TP.HCM');
INSERT INTO NHACUNGCAP VALUES('NCC010',N'Thực Phẩm Trung Hiếu',N'TP.HCM');
INSERT INTO NHACUNGCAP VALUES('NCC011',N'Nhà Cung Cấp Thực Phẩm Tươi Sống ',N'Hà Nội');
INSERT INTO NHACUNGCAP VALUES('NCC012',N'Thực Phẩm Long Trọng Tiến ',N'Bắc Ninh');
INSERT INTO NHACUNGCAP VALUES('NCC013',N'Thực Phẩm Chân Thành ',N'TP.HCM');
INSERT INTO NHACUNGCAP VALUES('NCC014',N'Suất Ăn Công Nghiệp Tân Khôi Nguyên',N'Tây Ninh');
INSERT INTO NHACUNGCAP VALUES('NCC015',N'Suất Ăn Công Nghiệp Tân Việt',N'Long An');
INSERT INTO NHACUNGCAP VALUES('NCC016',N'Thực Phẩm Nam Hà Nội',N'Hà Nội');
INSERT INTO NHACUNGCAP VALUES('NCC017',N'Thực Phẩm Công Nghiệp',N'TP.HCM');
INSERT INTO NHACUNGCAP VALUES('NCC018',N'Suất Ăn Công Nghiệp Long An',N'Long An');
INSERT INTO NHACUNGCAP VALUES('NCC019',N'Nhà Cung Cấp Hải Sản',N'TP.HCM');
INSERT INTO NHACUNGCAP VALUES('NCC020',N'Thực Phẩm Xanh TP.HCM',N'TP.HCM');

GO
INSERT INTO THUCPHAM VALUES('TP001',N'Bò',N'Kg');
INSERT INTO THUCPHAM VALUES('TP002',N'Cam',N'Kg');
INSERT INTO THUCPHAM VALUES('TP003',N'Bơ',N'Trái');
INSERT INTO THUCPHAM VALUES('TP004',N'Rau',N'Bó');
INSERT INTO THUCPHAM VALUES('TP005',N'Gạo',N'Kg');
INSERT INTO THUCPHAM VALUES('TP006',N'Khoai Tây',N'Số lượng');
INSERT INTO THUCPHAM VALUES('TP007',N'Cà rốt',N'Số lượng');
INSERT INTO THUCPHAM VALUES('TP008',N'Cà chua',N'Số lượng');
INSERT INTO THUCPHAM VALUES('TP009',N'Dưa leo',N'Số lượng');
INSERT INTO THUCPHAM VALUES('TP010',N'Trứng',N'Số lượng');
INSERT INTO THUCPHAM VALUES('TP011',N'Bắp',N'Trái');
INSERT INTO THUCPHAM VALUES('TP012',N'Cải xoăn',N'Kg');
INSERT INTO THUCPHAM VALUES('TP013',N'Chuối',N'Nải');
INSERT INTO THUCPHAM VALUES('TP014',N'Gừng',N'Củ');
INSERT INTO THUCPHAM VALUES('TP015',N'Bơ',N'Hộp');
INSERT INTO THUCPHAM VALUES('TP016',N'Củ cải',N'Kg');
INSERT INTO THUCPHAM VALUES('TP017',N'Dâu Tây',N'Hộp');
INSERT INTO THUCPHAM VALUES('TP018',N'Táo',N'Kg');
INSERT INTO THUCPHAM VALUES('TP019',N'Salad',N'Kg');
INSERT INTO THUCPHAM VALUES('TP020',N'Gà',N'Con');

GO
SET DATEFORMAT DMY
INSERT INTO PhieuNhapThucPham VALUES('1','11/12/2000',N'Phiếu nhập thực phẩm ngày 11/12/2000','NV001','NCC001');
INSERT INTO PhieuNhapThucPham VALUES('2','11/08/2021',N'Phiếu nhập thực phẩm ngày 11/08/2021','NV003','NCC003');
INSERT INTO PhieuNhapThucPham VALUES('3','08/09/2020',N'Phiếu nhập thực phẩm ngày 08/09/2020','NV005','NCC006');
INSERT INTO PhieuNhapThucPham VALUES('4','01/06/2000',N'Phiếu nhập thực phẩm ngày 01/06/2000','NV011','NCC020');
INSERT INTO PhieuNhapThucPham VALUES('5','06/10/2019',N'Phiếu nhập thực phẩm ngày 06/10/2019','NV010','NCC019');
INSERT INTO PhieuNhapThucPham VALUES('6','10/06/2022',N'Phiếu nhập thực phẩm ngày 10/06/2022','NV004','NCC006');
INSERT INTO PhieuNhapThucPham VALUES('7','11/12/2018',N'Phiếu nhập thực phẩm ngày 11/12/2018','NV012','NCC018');
INSERT INTO PhieuNhapThucPham VALUES('8','11/05/2017',N'Phiếu nhập thực phẩm ngày 11/05/2017','NV016','NCC017');
INSERT INTO PhieuNhapThucPham VALUES('9','22/09/2018',N'Phiếu nhập thực phẩm ngày 22/09/2018','NV008','NCC008');
INSERT INTO PhieuNhapThucPham VALUES('10','11/11/2003',N'Phiếu nhập thực phẩm ngày 11/11/2003','NV009','NCC009');
INSERT INTO PhieuNhapThucPham VALUES('11','11/12/2022',N'Phiếu nhập thực phẩm ngày 11/12/2022','NV001','NCC001');
INSERT INTO PhieuNhapThucPham VALUES('12','08/08/2011',N'Phiếu nhập thực phẩm ngày 08/08/2011','NV001','NCC001');
INSERT INTO PhieuNhapThucPham VALUES('13','29/12/2000',N'Phiếu nhập thực phẩm ngày 29/12/2000','NV001','NCC001');
INSERT INTO PhieuNhapThucPham VALUES('14','28/02/2010',N'Phiếu nhập thực phẩm ngày 28/02/2010','NV018','NCC002');
INSERT INTO PhieuNhapThucPham VALUES('15','11/06/2013',N'Phiếu nhập thực phẩm ngày 11/06/2013','NV012','NCC013');
INSERT INTO PhieuNhapThucPham VALUES('16','16/12/2000',N'Phiếu nhập thực phẩm ngày 16/12/2000','NV013','NCC012');
INSERT INTO PhieuNhapThucPham VALUES('17','11/12/2022',N'Phiếu nhập thực phẩm ngày 11/12/2022','NV007','NCC007');
INSERT INTO PhieuNhapThucPham VALUES('18','30/12/2021',N'Phiếu nhập thực phẩm ngày 30/12/2021','NV014','NCC014');
INSERT INTO PhieuNhapThucPham VALUES('19',' 11/01/2021',N'Phiếu nhập thực phẩm ngày 11/01/2021','NV015','NCC015');
INSERT INTO PhieuNhapThucPham VALUES('20','11/02/2000',N'Phiếu nhập thực phẩm ngày 11/02/2000','NV016','NCC016');

GO
INSERT INTO ChiTietThucPham VALUES('1','TP001','10',500000);
INSERT INTO ChiTietThucPham VALUES('2','TP002','5',50000);
INSERT INTO ChiTietThucPham VALUES('3','TP003','15',60000);
INSERT INTO ChiTietThucPham VALUES('4','TP004','16',30000);
INSERT INTO ChiTietThucPham VALUES('5','TP005','10',100000);
INSERT INTO ChiTietThucPham VALUES('6','TP006','12',40000);
INSERT INTO ChiTietThucPham VALUES('7','TP007','10',50000);
INSERT INTO ChiTietThucPham VALUES('8','TP008','10',50000);
INSERT INTO ChiTietThucPham VALUES('9','TP009','10',50000);
INSERT INTO ChiTietThucPham VALUES('10','TP010','10',10000);
INSERT INTO ChiTietThucPham VALUES('11','TP011','8',20000);
INSERT INTO ChiTietThucPham VALUES('12','TP012','3',50000);
INSERT INTO ChiTietThucPham VALUES('13','TP013','8',10000);
INSERT INTO ChiTietThucPham VALUES('14','TP014','7',5000);
INSERT INTO ChiTietThucPham VALUES('15','TP015','6',8000);
INSERT INTO ChiTietThucPham VALUES('16','TP016','10',50000);
INSERT INTO ChiTietThucPham VALUES('17','TP017','10',150000);
INSERT INTO ChiTietThucPham VALUES('18','TP018','10',50000);
INSERT INTO ChiTietThucPham VALUES('19','TP019','11',24000);
INSERT INTO ChiTietThucPham VALUES('20','TP020','10',150000);

GO
INSERT INTO BANAN VALUES('001','4',N'Trống');
INSERT INTO BANAN VALUES('006','4',N'Trống');
INSERT INTO BANAN VALUES('013','4',N'Trống');
INSERT INTO BANAN VALUES('016','10',N'Trống');
INSERT INTO BANAN VALUES('009','10',N'Trống');
INSERT INTO BANAN VALUES('011','10',N'Trống');
INSERT INTO BANAN VALUES('010','6',N'Trống');
INSERT INTO BANAN VALUES('007','8',N'Trống');
INSERT INTO BANAN VALUES('014','6',N'Trống');
INSERT INTO BANAN VALUES('015','10',N'Đã Có Khách');
INSERT INTO BANAN VALUES('012','2',N'Đã Có Khách');
INSERT INTO BANAN VALUES('008','4',N'Đã Có Khách');
INSERT INTO BANAN VALUES('004','8',N'Đã Có Khách');
INSERT INTO BANAN VALUES('005','6',N'Đã Có Khách');
INSERT INTO BANAN VALUES('003','2',N'Đã Có Khách');
INSERT INTO BANAN VALUES('002','4',N'Đã Có Khách');
INSERT INTO BANAN VALUES('017','4',N'Đã Có Khách');
INSERT INTO BANAN VALUES('019','6',N'Đã Có Khách');
INSERT INTO BANAN VALUES('018','6',N'Đã Có Khách');

GO
INSERT INTO KHACHHANG VALUES('KH001',N'Nguyễn Văn A','0110021122');
INSERT INTO KHACHHANG VALUES('KH002',N'Nguyễn Văn Nam','0110021132');
INSERT INTO KHACHHANG VALUES('KH003',N'Trần Thị Tuyết','0640021122');
INSERT INTO KHACHHANG VALUES('KH004',N'Nguyễn Lý','0134567189');
INSERT INTO KHACHHANG VALUES('KH005',N'Nguyễn Văn Đậu','0113311122');
INSERT INTO KHACHHANG VALUES('KH006',N'Nguyễn Văn B','0110013222');
INSERT INTO KHACHHANG VALUES('KH007',N'Trần Tâm','0321459816');
INSERT INTO KHACHHANG VALUES('KH008',N'Trương Trung','0123456789');
INSERT INTO KHACHHANG VALUES('KH009',N'Nguyễn Tuấn','0110021141');
INSERT INTO KHACHHANG VALUES('KH010',N'Đỗ Xuân Thủy','0269161651');
INSERT INTO KHACHHANG VALUES('KH011',N'Trần Khánh An','0261651650');
INSERT INTO KHACHHANG VALUES('KH012',N'Mai Quốc Khánh','0236849850');
INSERT INTO KHACHHANG VALUES('KH013',N'Nguyễn Kim Anh','0156848880');
INSERT INTO KHACHHANG VALUES('KH014',N'Trần Văn Út','087944450');
INSERT INTO KHACHHANG VALUES('KH015',N'Bùi Đức Chí','098426156');
INSERT INTO KHACHHANG VALUES('KH016',N'Nguyễn Văn C','023684985');
INSERT INTO KHACHHANG VALUES('KH017',N'Nguyễn Lê Tuấn','0110021122');
INSERT INTO KHACHHANG VALUES('KH018',N'Nguyễn Đức Thịnh','087944450');
INSERT INTO KHACHHANG VALUES('KH019',N'Trần Hậu','0236087240');
INSERT INTO KHACHHANG VALUES('KH020',N'Nguyễn Thị Châu','0681142515');

GO
INSERT INTO PhieuYeuCau VALUES('001','NV001','12/11/2022','015',N'Chưa Thanh Toán','KH001');
INSERT INTO PhieuYeuCau VALUES('002','NV002','11/10/2021','012',N'Chưa Thanh Toán','KH002');
INSERT INTO PhieuYeuCau VALUES('003','NV003','03/03/2022','008',N'Đã Thanh Toán','KH003');
INSERT INTO PhieuYeuCau VALUES('004','NV004','02/05/2022','004',N'Chưa Thanh Toán','KH004');
INSERT INTO PhieuYeuCau VALUES('005','NV005','15/11/2022','005',N'Đã Thanh Toán','KH005');
INSERT INTO PhieuYeuCau VALUES('006','NV006','17/11/2019','003',N'Chưa Thanh Toán','KH006');
INSERT INTO PhieuYeuCau VALUES('007','NV007','20/11/2018','002',N'Đã Thanh Toán','KH007');
INSERT INTO PhieuYeuCau VALUES('008','NV008','11/11/2020','017',N'Chưa Thanh Toán','KH008');
INSERT INTO PhieuYeuCau VALUES('009','NV009','06/12/2017','019',N'Chưa Thanh Toán','KH009');
INSERT INTO PhieuYeuCau VALUES('011','NV010','12/08/2011','018',N'Đã Thanh Toán','KH011');


GO
INSERT INTO ChiTietYeuCau VALUES('001','MA001',50000,1);
INSERT INTO ChiTietYeuCau VALUES('002','MA002',20000,3);
INSERT INTO ChiTietYeuCau VALUES('003','MA003',40000,2);
INSERT INTO ChiTietYeuCau VALUES('004','MA004',20000,3);
INSERT INTO ChiTietYeuCau VALUES('005','MA005',10000,1);
INSERT INTO ChiTietYeuCau VALUES('006','MA006',50000,2);
INSERT INTO ChiTietYeuCau VALUES('007','MA007',40000,6);
INSERT INTO ChiTietYeuCau VALUES('008','MA008',30000,4);
INSERT INTO ChiTietYeuCau VALUES('009','MA009',100000,8);


GO
INSERT INTO HOADON VALUES('HD001','2022-02-05','NV001','001');
INSERT INTO HOADON VALUES('HD002','2022-03-04','NV002','002');
INSERT INTO HOADON VALUES('HD003','2022-06-10','NV003','003');
INSERT INTO HOADON VALUES('HD004','2022-11-12','NV004','004');
INSERT INTO HOADON VALUES('HD005','2022-10-06','NV005','005');
INSERT INTO HOADON VALUES('HD006','2022-09-07','NV006','006');
INSERT INTO HOADON VALUES('HD007','2022-05-01','NV004','007');
INSERT INTO HOADON VALUES('HD008','2022-06-02','NV004','008');
INSERT INTO HOADON VALUES('HD009','2022-09-04','NV002','009');


